id,order_id,product_id,quantity,unit_price,price,created_at
ITEM0001,ORD0001,PROD001,1,99.99,99.99,"2025-04-01 12:00:00"
ITEM0002,ORD0002,PROD002,1,149.99,149.99,"2025-04-02 12:00:00"
ITEM0003,ORD0003,PROD003,1,79.99,79.99,"2025-04-03 12:00:00"
ITEM0004,ORD0004,PROD004,1,39.99,39.99,"2025-04-04 12:00:00"
ITEM0005,ORD0005,PROD005,1,29.99,29.99,"2025-04-05 12:00:00"
ITEM0006,ORD0005,PROD012,1,59.99,59.99,"2025-04-05 12:00:00"
ITEM0007,ORD0006,PROD006,1,89.99,89.99,"2025-04-06 12:00:00"
ITEM0008,ORD0007,PROD007,1,129.99,129.99,"2025-04-07 12:00:00"
ITEM0009,ORD0008,PROD008,1,24.99,24.99,"2025-04-08 12:00:00"
ITEM0010,ORD0009,PROD009,1,34.99,34.99,"2025-04-09 12:00:00"
ITEM0011,ORD0010,PROD010,1,49.99,49.99,"2025-04-10 12:00:00"
ITEM0012,ORD0010,PROD017,1,59.99,59.99,"2025-04-10 12:00:00"
ITEM0013,ORD0011,PROD011,1,19.99,19.99,"2025-04-11 12:00:00"
ITEM0014,ORD0012,PROD012,1,59.99,59.99,"2025-04-12 12:00:00"
ITEM0015,ORD0013,PROD013,1,79.99,79.99,"2025-04-13 12:00:00"
ITEM0016,ORD0014,PROD014,1,14.99,14.99,"2025-04-14 12:00:00"
ITEM0017,ORD0015,PROD015,1,24.99,24.99,"2025-04-15 12:00:00"
ITEM0018,ORD0015,PROD022,1,19.99,19.99,"2025-04-15 12:00:00"
ITEM0019,ORD0016,PROD016,1,29.99,29.99,"2025-04-16 12:00:00"
ITEM0020,ORD0017,PROD017,1,59.99,59.99,"2025-04-17 12:00:00"
ITEM0021,ORD0018,PROD018,1,49.99,49.99,"2025-04-18 12:00:00"
ITEM0022,ORD0019,PROD019,1,89.99,89.99,"2025-04-19 12:00:00"
ITEM0023,ORD0020,PROD020,1,12.99,12.99,"2025-04-20 12:00:00"
ITEM0024,ORD0020,PROD027,1,19.99,19.99,"2025-04-20 12:00:00"
ITEM0025,ORD0020,PROD003,1,79.99,79.99,"2025-04-20 12:00:00"
ITEM0026,ORD0021,PROD021,1,14.99,14.99,"2025-04-21 12:00:00"
ITEM0027,ORD0022,PROD022,1,19.99,19.99,"2025-04-22 12:00:00"
ITEM0028,ORD0023,PROD023,1,24.99,24.99,"2025-04-23 12:00:00"
ITEM0029,ORD0024,PROD024,1,9.99,9.99,"2025-04-24 12:00:00"
ITEM0030,ORD0025,PROD025,1,29.99,29.99,"2025-04-25 12:00:00"
ITEM0031,ORD0025,PROD002,1,149.99,149.99,"2025-04-25 12:00:00"
ITEM0032,ORD0026,PROD026,1,49.99,49.99,"2025-04-26 12:00:00"
ITEM0033,ORD0027,PROD027,1,19.99,19.99,"2025-04-27 12:00:00"
ITEM0034,ORD0028,PROD028,1,34.99,34.99,"2025-04-28 12:00:00"
ITEM0035,ORD0029,PROD029,1,14.99,14.99,"2025-04-01 12:00:00"
ITEM0036,ORD0030,PROD030,1,59.99,59.99,"2025-04-02 12:00:00"
ITEM0037,ORD0030,PROD007,1,129.99,129.99,"2025-04-02 12:00:00"
ITEM0038,ORD0031,PROD001,1,99.99,99.99,"2025-04-03 12:00:00"
ITEM0039,ORD0032,PROD002,1,149.99,149.99,"2025-04-04 12:00:00"
ITEM0040,ORD0033,PROD003,1,79.99,79.99,"2025-04-05 12:00:00"
ITEM0041,ORD0034,PROD004,1,39.99,39.99,"2025-04-06 12:00:00"
ITEM0042,ORD0035,PROD005,1,29.99,29.99,"2025-04-07 12:00:00"
ITEM0043,ORD0035,PROD012,2,59.99,119.98,"2025-04-07 12:00:00"
ITEM0044,ORD0036,PROD006,1,89.99,89.99,"2025-04-08 12:00:00"
ITEM0045,ORD0037,PROD007,1,129.99,129.99,"2025-04-09 12:00:00"
ITEM0046,ORD0038,PROD008,1,24.99,24.99,"2025-04-10 12:00:00"
ITEM0047,ORD0039,PROD009,1,34.99,34.99,"2025-04-11 12:00:00"
ITEM0048,ORD0040,PROD010,1,49.99,49.99,"2025-04-12 12:00:00"
ITEM0049,ORD0040,PROD017,1,59.99,59.99,"2025-04-12 12:00:00"
ITEM0050,ORD0040,PROD023,1,24.99,24.99,"2025-04-12 12:00:00"
ITEM0051,ORD0041,PROD011,1,19.99,19.99,"2025-04-13 12:00:00"
ITEM0052,ORD0042,PROD012,1,59.99,59.99,"2025-04-14 12:00:00"
ITEM0053,ORD0043,PROD013,1,79.99,79.99,"2025-04-15 12:00:00"
ITEM0054,ORD0044,PROD014,1,14.99,14.99,"2025-04-16 12:00:00"
ITEM0055,ORD0045,PROD015,1,24.99,24.99,"2025-04-17 12:00:00"
ITEM0056,ORD0045,PROD022,1,19.99,19.99,"2025-04-17 12:00:00"
ITEM0057,ORD0046,PROD016,1,29.99,29.99,"2025-04-18 12:00:00"
ITEM0058,ORD0047,PROD017,1,59.99,59.99,"2025-04-19 12:00:00"
ITEM0059,ORD0048,PROD018,1,49.99,49.99,"2025-04-20 12:00:00"
ITEM0060,ORD0049,PROD019,1,89.99,89.99,"2025-04-21 12:00:00"
ITEM0061,ORD0050,PROD020,1,12.99,12.99,"2025-04-22 12:00:00"
ITEM0062,ORD0050,PROD027,1,19.99,19.99,"2025-04-22 12:00:00"
ITEM0063,ORD0051,PROD021,1,14.99,14.99,"2025-04-23 12:00:00"
ITEM0064,ORD0052,PROD022,1,19.99,19.99,"2025-04-24 12:00:00"
ITEM0065,ORD0053,PROD023,1,24.99,24.99,"2025-04-25 12:00:00"
ITEM0066,ORD0054,PROD024,1,9.99,9.99,"2025-04-26 12:00:00"
ITEM0067,ORD0055,PROD025,1,29.99,29.99,"2025-04-27 12:00:00"
ITEM0068,ORD0055,PROD002,1,149.99,149.99,"2025-04-27 12:00:00"
ITEM0069,ORD0056,PROD026,1,49.99,49.99,"2025-04-28 12:00:00"
ITEM0070,ORD0057,PROD027,1,19.99,19.99,"2025-04-01 12:00:00"
ITEM0071,ORD0058,PROD028,1,34.99,34.99,"2025-04-02 12:00:00"
ITEM0072,ORD0059,PROD029,1,14.99,14.99,"2025-04-03 12:00:00"
ITEM0073,ORD0060,PROD030,1,59.99,59.99,"2025-04-04 12:00:00"
ITEM0074,ORD0060,PROD007,1,129.99,129.99,"2025-04-04 12:00:00"
ITEM0075,ORD0060,PROD013,1,79.99,79.99,"2025-04-04 12:00:00"
ITEM0076,ORD0061,PROD001,1,99.99,99.99,"2025-04-05 12:00:00"
ITEM0077,ORD0062,PROD002,1,149.99,149.99,"2025-04-06 12:00:00"
ITEM0078,ORD0063,PROD003,1,79.99,79.99,"2025-04-07 12:00:00"
ITEM0079,ORD0064,PROD004,1,39.99,39.99,"2025-04-08 12:00:00"
ITEM0080,ORD0065,PROD005,1,29.99,29.99,"2025-04-09 12:00:00"
ITEM0081,ORD0065,PROD012,1,59.99,59.99,"2025-04-09 12:00:00"
ITEM0082,ORD0066,PROD006,1,89.99,89.99,"2025-04-10 12:00:00"
ITEM0083,ORD0067,PROD007,1,129.99,129.99,"2025-04-11 12:00:00"
ITEM0084,ORD0068,PROD008,1,24.99,24.99,"2025-04-12 12:00:00"
ITEM0085,ORD0069,PROD009,1,34.99,34.99,"2025-04-13 12:00:00"
ITEM0086,ORD0070,PROD010,1,49.99,49.99,"2025-04-14 12:00:00"
ITEM0087,ORD0070,PROD017,2,59.99,119.98,"2025-04-14 12:00:00"
ITEM0088,ORD0071,PROD011,1,19.99,19.99,"2025-04-15 12:00:00"
ITEM0089,ORD0072,PROD012,1,59.99,59.99,"2025-04-16 12:00:00"
ITEM0090,ORD0073,PROD013,1,79.99,79.99,"2025-04-17 12:00:00"
ITEM0091,ORD0074,PROD014,1,14.99,14.99,"2025-04-18 12:00:00"
ITEM0092,ORD0075,PROD015,1,24.99,24.99,"2025-04-19 12:00:00"
ITEM0093,ORD0075,PROD022,1,19.99,19.99,"2025-04-19 12:00:00"
ITEM0094,ORD0076,PROD016,1,29.99,29.99,"2025-04-20 12:00:00"
ITEM0095,ORD0077,PROD017,1,59.99,59.99,"2025-04-21 12:00:00"
ITEM0096,ORD0078,PROD018,1,49.99,49.99,"2025-04-22 12:00:00"
ITEM0097,ORD0079,PROD019,1,89.99,89.99,"2025-04-23 12:00:00"
ITEM0098,ORD0080,PROD020,1,12.99,12.99,"2025-04-24 12:00:00"
ITEM0099,ORD0080,PROD027,1,19.99,19.99,"2025-04-24 12:00:00"
ITEM0100,ORD0080,PROD003,1,79.99,79.99,"2025-04-24 12:00:00"
ITEM0101,ORD0081,PROD021,1,14.99,14.99,"2025-04-25 12:00:00"
ITEM0102,ORD0082,PROD022,1,19.99,19.99,"2025-04-26 12:00:00"
ITEM0103,ORD0083,PROD023,1,24.99,24.99,"2025-04-27 12:00:00"
ITEM0104,ORD0084,PROD024,1,9.99,9.99,"2025-04-28 12:00:00"
ITEM0105,ORD0085,PROD025,1,29.99,29.99,"2025-04-01 12:00:00"
ITEM0106,ORD0085,PROD002,1,149.99,149.99,"2025-04-01 12:00:00"
ITEM0107,ORD0086,PROD026,1,49.99,49.99,"2025-04-02 12:00:00"
ITEM0108,ORD0087,PROD027,1,19.99,19.99,"2025-04-03 12:00:00"
ITEM0109,ORD0088,PROD028,1,34.99,34.99,"2025-04-04 12:00:00"
ITEM0110,ORD0089,PROD029,1,14.99,14.99,"2025-04-05 12:00:00"
ITEM0111,ORD0090,PROD030,1,59.99,59.99,"2025-04-06 12:00:00"
ITEM0112,ORD0090,PROD007,1,129.99,129.99,"2025-04-06 12:00:00"
ITEM0113,ORD0091,PROD001,1,99.99,99.99,"2025-04-07 12:00:00"
ITEM0114,ORD0092,PROD002,1,149.99,149.99,"2025-04-08 12:00:00"
ITEM0115,ORD0093,PROD003,1,79.99,79.99,"2025-04-09 12:00:00"
ITEM0116,ORD0094,PROD004,1,39.99,39.99,"2025-04-10 12:00:00"
ITEM0117,ORD0095,PROD005,1,29.99,29.99,"2025-04-11 12:00:00"
ITEM0118,ORD0095,PROD012,1,59.99,59.99,"2025-04-11 12:00:00"
ITEM0119,ORD0096,PROD006,1,89.99,89.99,"2025-04-12 12:00:00"
ITEM0120,ORD0097,PROD007,1,129.99,129.99,"2025-04-13 12:00:00"
ITEM0121,ORD0098,PROD008,1,24.99,24.99,"2025-04-14 12:00:00"
ITEM0122,ORD0099,PROD009,1,34.99,34.99,"2025-04-15 12:00:00"
ITEM0123,ORD0100,PROD010,1,49.99,49.99,"2025-04-16 12:00:00"
ITEM0124,ORD0100,PROD017,1,59.99,59.99,"2025-04-16 12:00:00"
ITEM0125,ORD0100,PROD023,1,24.99,24.99,"2025-04-16 12:00:00"
ITEM0126,ORD0101,PROD011,1,19.99,19.99,"2025-06-01 12:00:00"
ITEM0127,ORD0102,PROD012,1,59.99,59.99,"2025-06-02 12:00:00"
ITEM0128,ORD0103,PROD013,1,79.99,79.99,"2025-06-03 12:00:00"
ITEM0129,ORD0104,PROD014,1,14.99,14.99,"2025-06-04 12:00:00"
ITEM0130,ORD0105,PROD015,1,24.99,24.99,"2025-06-05 12:00:00"
ITEM0131,ORD0105,PROD022,2,19.99,39.98,"2025-06-05 12:00:00"
ITEM0132,ORD0106,PROD016,1,29.99,29.99,"2025-06-06 12:00:00"
ITEM0133,ORD0107,PROD017,1,59.99,59.99,"2025-06-07 12:00:00"
ITEM0134,ORD0108,PROD018,1,49.99,49.99,"2025-06-08 12:00:00"
ITEM0135,ORD0109,PROD019,1,89.99,89.99,"2025-06-09 12:00:00"
ITEM0136,ORD0110,PROD020,1,12.99,12.99,"2025-06-10 12:00:00"
ITEM0137,ORD0110,PROD027,1,19.99,19.99,"2025-06-10 12:00:00"
ITEM0138,ORD0111,PROD021,1,14.99,14.99,"2025-06-11 12:00:00"
ITEM0139,ORD0112,PROD022,1,19.99,19.99,"2025-06-12 12:00:00"
ITEM0140,ORD0113,PROD023,1,24.99,24.99,"2025-06-13 12:00:00"
ITEM0141,ORD0114,PROD024,1,9.99,9.99,"2025-06-14 12:00:00"
ITEM0142,ORD0115,PROD025,1,29.99,29.99,"2025-06-15 12:00:00"
ITEM0143,ORD0115,PROD002,1,149.99,149.99,"2025-06-15 12:00:00"
ITEM0144,ORD0116,PROD026,1,49.99,49.99,"2025-06-16 12:00:00"
ITEM0145,ORD0117,PROD027,1,19.99,19.99,"2025-06-17 12:00:00"
ITEM0146,ORD0118,PROD028,1,34.99,34.99,"2025-06-18 12:00:00"
ITEM0147,ORD0119,PROD029,1,14.99,14.99,"2025-06-19 12:00:00"
ITEM0148,ORD0120,PROD030,1,59.99,59.99,"2025-06-20 12:00:00"
ITEM0149,ORD0120,PROD007,1,129.99,129.99,"2025-06-20 12:00:00"
ITEM0150,ORD0120,PROD013,1,79.99,79.99,"2025-06-20 12:00:00"
ITEM0151,ORD0121,PROD001,1,99.99,99.99,"2025-06-21 12:00:00"
ITEM0152,ORD0122,PROD002,1,149.99,149.99,"2025-06-22 12:00:00"
ITEM0153,ORD0123,PROD003,1,79.99,79.99,"2025-06-23 12:00:00"
ITEM0154,ORD0124,PROD004,1,39.99,39.99,"2025-06-24 12:00:00"
ITEM0155,ORD0125,PROD005,1,29.99,29.99,"2025-06-25 12:00:00"
ITEM0156,ORD0125,PROD012,1,59.99,59.99,"2025-06-25 12:00:00"
ITEM0157,ORD0126,PROD006,1,89.99,89.99,"2025-06-26 12:00:00"
ITEM0158,ORD0127,PROD007,1,129.99,129.99,"2025-06-27 12:00:00"
ITEM0159,ORD0128,PROD008,1,24.99,24.99,"2025-06-28 12:00:00"
ITEM0160,ORD0129,PROD009,1,34.99,34.99,"2025-06-29 12:00:00"
ITEM0161,ORD0130,PROD010,1,49.99,49.99,"2025-06-30 12:00:00"
ITEM0162,ORD0130,PROD017,1,59.99,59.99,"2025-06-30 12:00:00"
ITEM0163,ORD0131,PROD011,1,19.99,19.99,"2025-06-01 12:00:00"
ITEM0164,ORD0132,PROD012,1,59.99,59.99,"2025-06-02 12:00:00"
ITEM0165,ORD0133,PROD013,1,79.99,79.99,"2025-06-03 12:00:00"
ITEM0166,ORD0134,PROD014,1,14.99,14.99,"2025-06-04 12:00:00"
ITEM0167,ORD0135,PROD015,1,24.99,24.99,"2025-06-05 12:00:00"
ITEM0168,ORD0135,PROD022,1,19.99,19.99,"2025-06-05 12:00:00"
ITEM0169,ORD0136,PROD016,1,29.99,29.99,"2025-06-06 12:00:00"
ITEM0170,ORD0137,PROD017,1,59.99,59.99,"2025-06-07 12:00:00"
ITEM0171,ORD0138,PROD018,1,49.99,49.99,"2025-06-08 12:00:00"
ITEM0172,ORD0139,PROD019,1,89.99,89.99,"2025-06-09 12:00:00"
ITEM0173,ORD0140,PROD020,1,12.99,12.99,"2025-06-10 12:00:00"
ITEM0174,ORD0140,PROD027,2,19.99,39.98,"2025-06-10 12:00:00"
ITEM0175,ORD0140,PROD003,1,79.99,79.99,"2025-06-10 12:00:00"
ITEM0176,ORD0141,PROD021,1,14.99,14.99,"2025-06-11 12:00:00"
ITEM0177,ORD0142,PROD022,1,19.99,19.99,"2025-06-12 12:00:00"
ITEM0178,ORD0143,PROD023,1,24.99,24.99,"2025-06-13 12:00:00"
ITEM0179,ORD0144,PROD024,1,9.99,9.99,"2025-06-14 12:00:00"
ITEM0180,ORD0145,PROD025,1,29.99,29.99,"2025-06-15 12:00:00"
ITEM0181,ORD0145,PROD002,1,149.99,149.99,"2025-06-15 12:00:00"
ITEM0182,ORD0146,PROD026,1,49.99,49.99,"2025-06-16 12:00:00"
ITEM0183,ORD0147,PROD027,1,19.99,19.99,"2025-06-17 12:00:00"
ITEM0184,ORD0148,PROD028,1,34.99,34.99,"2025-06-18 12:00:00"
ITEM0185,ORD0149,PROD029,1,14.99,14.99,"2025-06-19 12:00:00"
ITEM0186,ORD0150,PROD030,1,59.99,59.99,"2025-06-20 12:00:00"
ITEM0187,ORD0150,PROD007,1,129.99,129.99,"2025-06-20 12:00:00"
ITEM0188,ORD0151,PROD001,1,99.99,99.99,"2025-06-21 12:00:00"
ITEM0189,ORD0152,PROD002,1,149.99,149.99,"2025-06-22 12:00:00"
ITEM0190,ORD0153,PROD003,1,79.99,79.99,"2025-06-23 12:00:00"
ITEM0191,ORD0154,PROD004,1,39.99,39.99,"2025-06-24 12:00:00"
ITEM0192,ORD0155,PROD005,1,29.99,29.99,"2025-06-25 12:00:00"
ITEM0193,ORD0155,PROD012,1,59.99,59.99,"2025-06-25 12:00:00"
ITEM0194,ORD0156,PROD006,1,89.99,89.99,"2025-06-26 12:00:00"
ITEM0195,ORD0157,PROD007,1,129.99,129.99,"2025-06-27 12:00:00"
ITEM0196,ORD0158,PROD008,1,24.99,24.99,"2025-06-28 12:00:00"
ITEM0197,ORD0159,PROD009,1,34.99,34.99,"2025-06-29 12:00:00"
ITEM0198,ORD0160,PROD010,1,49.99,49.99,"2025-06-30 12:00:00"
ITEM0199,ORD0160,PROD017,1,59.99,59.99,"2025-06-30 12:00:00"
ITEM0200,ORD0160,PROD023,1,24.99,24.99,"2025-06-30 12:00:00"
ITEM0201,ORD0161,PROD011,1,19.99,19.99,"2025-06-01 12:00:00"
ITEM0202,ORD0162,PROD012,1,59.99,59.99,"2025-06-02 12:00:00"
ITEM0203,ORD0163,PROD013,1,79.99,79.99,"2025-06-03 12:00:00"
ITEM0204,ORD0164,PROD014,1,14.99,14.99,"2025-06-04 12:00:00"
ITEM0205,ORD0165,PROD015,1,24.99,24.99,"2025-06-05 12:00:00"
ITEM0206,ORD0165,PROD022,1,19.99,19.99,"2025-06-05 12:00:00"
ITEM0207,ORD0166,PROD016,1,29.99,29.99,"2025-06-06 12:00:00"
ITEM0208,ORD0167,PROD017,1,59.99,59.99,"2025-06-07 12:00:00"
ITEM0209,ORD0168,PROD018,1,49.99,49.99,"2025-06-08 12:00:00"
ITEM0210,ORD0169,PROD019,1,89.99,89.99,"2025-06-09 12:00:00"
ITEM0211,ORD0170,PROD020,1,12.99,12.99,"2025-06-10 12:00:00"
ITEM0212,ORD0170,PROD027,1,19.99,19.99,"2025-06-10 12:00:00"
ITEM0213,ORD0171,PROD021,1,14.99,14.99,"2025-06-11 12:00:00"
ITEM0214,ORD0172,PROD022,1,19.99,19.99,"2025-06-12 12:00:00"
ITEM0215,ORD0173,PROD023,1,24.99,24.99,"2025-06-13 12:00:00"
ITEM0216,ORD0174,PROD024,1,9.99,9.99,"2025-06-14 12:00:00"
ITEM0217,ORD0175,PROD025,1,29.99,29.99,"2025-06-15 12:00:00"
ITEM0218,ORD0175,PROD002,2,149.99,299.98,"2025-06-15 12:00:00"
ITEM0219,ORD0176,PROD026,1,49.99,49.99,"2025-06-16 12:00:00"
ITEM0220,ORD0177,PROD027,1,19.99,19.99,"2025-06-17 12:00:00"
ITEM0221,ORD0178,PROD028,1,34.99,34.99,"2025-06-18 12:00:00"
ITEM0222,ORD0179,PROD029,1,14.99,14.99,"2025-06-19 12:00:00"
ITEM0223,ORD0180,PROD030,1,59.99,59.99,"2025-06-20 12:00:00"
ITEM0224,ORD0180,PROD007,1,129.99,129.99,"2025-06-20 12:00:00"
ITEM0225,ORD0180,PROD013,1,79.99,79.99,"2025-06-20 12:00:00"
ITEM0226,ORD0181,PROD001,1,99.99,99.99,"2025-06-21 12:00:00"
ITEM0227,ORD0182,PROD002,1,149.99,149.99,"2025-06-22 12:00:00"
ITEM0228,ORD0183,PROD003,1,79.99,79.99,"2025-06-23 12:00:00"
ITEM0229,ORD0184,PROD004,1,39.99,39.99,"2025-06-24 12:00:00"
ITEM0230,ORD0185,PROD005,1,29.99,29.99,"2025-06-25 12:00:00"
ITEM0231,ORD0185,PROD012,1,59.99,59.99,"2025-06-25 12:00:00"
ITEM0232,ORD0186,PROD006,1,89.99,89.99,"2025-06-26 12:00:00"
ITEM0233,ORD0187,PROD007,1,129.99,129.99,"2025-06-27 12:00:00"
ITEM0234,ORD0188,PROD008,1,24.99,24.99,"2025-06-28 12:00:00"
ITEM0235,ORD0189,PROD009,1,34.99,34.99,"2025-06-29 12:00:00"
ITEM0236,ORD0190,PROD010,1,49.99,49.99,"2025-06-30 12:00:00"
ITEM0237,ORD0190,PROD017,1,59.99,59.99,"2025-06-30 12:00:00"
ITEM0238,ORD0191,PROD011,1,19.99,19.99,"2025-06-01 12:00:00"
ITEM0239,ORD0192,PROD012,1,59.99,59.99,"2025-06-02 12:00:00"
ITEM0240,ORD0193,PROD013,1,79.99,79.99,"2025-06-03 12:00:00"
ITEM0241,ORD0194,PROD014,1,14.99,14.99,"2025-06-04 12:00:00"
ITEM0242,ORD0195,PROD015,1,24.99,24.99,"2025-06-05 12:00:00"
ITEM0243,ORD0195,PROD022,1,19.99,19.99,"2025-06-05 12:00:00"
ITEM0244,ORD0196,PROD016,1,29.99,29.99,"2025-06-06 12:00:00"
ITEM0245,ORD0197,PROD017,1,59.99,59.99,"2025-06-07 12:00:00"
ITEM0246,ORD0198,PROD018,1,49.99,49.99,"2025-06-08 12:00:00"
ITEM0247,ORD0199,PROD019,1,89.99,89.99,"2025-06-09 12:00:00"
ITEM0248,ORD0200,PROD020,1,12.99,12.99,"2025-06-10 12:00:00"
ITEM0249,ORD0200,PROD027,1,19.99,19.99,"2025-06-10 12:00:00"
ITEM0250,ORD0200,PROD003,1,79.99,79.99,"2025-06-10 12:00:00"
ITEM0251,ORD0201,PROD021,1,14.99,14.99,"2025-08-01 12:00:00"
ITEM0252,ORD0202,PROD022,1,19.99,19.99,"2025-08-02 12:00:00"
ITEM0253,ORD0203,PROD023,1,24.99,24.99,"2025-08-03 12:00:00"
ITEM0254,ORD0204,PROD024,1,9.99,9.99,"2025-08-04 12:00:00"
ITEM0255,ORD0205,PROD025,1,29.99,29.99,"2025-08-05 12:00:00"
ITEM0256,ORD0205,PROD002,1,149.99,149.99,"2025-08-05 12:00:00"
ITEM0257,ORD0206,PROD026,1,49.99,49.99,"2025-08-06 12:00:00"
ITEM0258,ORD0207,PROD027,1,19.99,19.99,"2025-08-07 12:00:00"
ITEM0259,ORD0208,PROD028,1,34.99,34.99,"2025-08-08 12:00:00"
ITEM0260,ORD0209,PROD029,1,14.99,14.99,"2025-08-09 12:00:00"
ITEM0261,ORD0210,PROD030,1,59.99,59.99,"2025-08-10 12:00:00"
ITEM0262,ORD0210,PROD007,2,129.99,259.98,"2025-08-10 12:00:00"
ITEM0263,ORD0211,PROD001,1,99.99,99.99,"2025-08-11 12:00:00"
ITEM0264,ORD0212,PROD002,1,149.99,149.99,"2025-08-12 12:00:00"
ITEM0265,ORD0213,PROD003,1,79.99,79.99,"2025-08-13 12:00:00"
ITEM0266,ORD0214,PROD004,1,39.99,39.99,"2025-08-14 12:00:00"
ITEM0267,ORD0215,PROD005,1,29.99,29.99,"2025-08-15 12:00:00"
ITEM0268,ORD0215,PROD012,1,59.99,59.99,"2025-08-15 12:00:00"
ITEM0269,ORD0216,PROD006,1,89.99,89.99,"2025-08-16 12:00:00"
ITEM0270,ORD0217,PROD007,1,129.99,129.99,"2025-08-17 12:00:00"
ITEM0271,ORD0218,PROD008,1,24.99,24.99,"2025-08-18 12:00:00"
ITEM0272,ORD0219,PROD009,1,34.99,34.99,"2025-08-19 12:00:00"
ITEM0273,ORD0220,PROD010,1,49.99,49.99,"2025-08-20 12:00:00"
ITEM0274,ORD0220,PROD017,1,59.99,59.99,"2025-08-20 12:00:00"
ITEM0275,ORD0220,PROD023,1,24.99,24.99,"2025-08-20 12:00:00"
ITEM0276,ORD0221,PROD011,1,19.99,19.99,"2025-08-21 12:00:00"
ITEM0277,ORD0222,PROD012,1,59.99,59.99,"2025-08-22 12:00:00"
ITEM0278,ORD0223,PROD013,1,79.99,79.99,"2025-08-23 12:00:00"
ITEM0279,ORD0224,PROD014,1,14.99,14.99,"2025-08-24 12:00:00"
ITEM0280,ORD0225,PROD015,1,24.99,24.99,"2025-08-25 12:00:00"
ITEM0281,ORD0225,PROD022,1,19.99,19.99,"2025-08-25 12:00:00"
ITEM0282,ORD0226,PROD016,1,29.99,29.99,"2025-08-26 12:00:00"
ITEM0283,ORD0227,PROD017,1,59.99,59.99,"2025-08-27 12:00:00"
ITEM0284,ORD0228,PROD018,1,49.99,49.99,"2025-08-28 12:00:00"
ITEM0285,ORD0229,PROD019,1,89.99,89.99,"2025-08-29 12:00:00"
ITEM0286,ORD0230,PROD020,1,12.99,12.99,"2025-08-30 12:00:00"
ITEM0287,ORD0230,PROD027,1,19.99,19.99,"2025-08-30 12:00:00"
ITEM0288,ORD0231,PROD021,1,14.99,14.99,"2025-08-31 12:00:00"
ITEM0289,ORD0232,PROD022,1,19.99,19.99,"2025-08-01 12:00:00"
ITEM0290,ORD0233,PROD023,1,24.99,24.99,"2025-08-02 12:00:00"
ITEM0291,ORD0234,PROD024,1,9.99,9.99,"2025-08-03 12:00:00"
ITEM0292,ORD0235,PROD025,1,29.99,29.99,"2025-08-04 12:00:00"
ITEM0293,ORD0235,PROD002,1,149.99,149.99,"2025-08-04 12:00:00"
ITEM0294,ORD0236,PROD026,1,49.99,49.99,"2025-08-05 12:00:00"
ITEM0295,ORD0237,PROD027,1,19.99,19.99,"2025-08-06 12:00:00"
ITEM0296,ORD0238,PROD028,1,34.99,34.99,"2025-08-07 12:00:00"
ITEM0297,ORD0239,PROD029,1,14.99,14.99,"2025-08-08 12:00:00"
ITEM0298,ORD0240,PROD030,1,59.99,59.99,"2025-08-09 12:00:00"
ITEM0299,ORD0240,PROD007,1,129.99,129.99,"2025-08-09 12:00:00"
ITEM0300,ORD0240,PROD013,1,79.99,79.99,"2025-08-09 12:00:00"
ITEM0301,ORD0241,PROD001,1,99.99,99.99,"2025-08-10 12:00:00"
ITEM0302,ORD0242,PROD002,1,149.99,149.99,"2025-08-11 12:00:00"
ITEM0303,ORD0243,PROD003,1,79.99,79.99,"2025-08-12 12:00:00"
ITEM0304,ORD0244,PROD004,1,39.99,39.99,"2025-08-13 12:00:00"
ITEM0305,ORD0245,PROD005,1,29.99,29.99,"2025-08-14 12:00:00"
ITEM0306,ORD0245,PROD012,2,59.99,119.98,"2025-08-14 12:00:00"
ITEM0307,ORD0246,PROD006,1,89.99,89.99,"2025-08-15 12:00:00"
ITEM0308,ORD0247,PROD007,1,129.99,129.99,"2025-08-16 12:00:00"
ITEM0309,ORD0248,PROD008,1,24.99,24.99,"2025-08-17 12:00:00"
ITEM0310,ORD0249,PROD009,1,34.99,34.99,"2025-08-18 12:00:00"
ITEM0311,ORD0250,PROD010,1,49.99,49.99,"2025-08-19 12:00:00"
ITEM0312,ORD0250,PROD017,1,59.99,59.99,"2025-08-19 12:00:00"
ITEM0313,ORD0251,PROD011,1,19.99,19.99,"2025-08-20 12:00:00"
ITEM0314,ORD0252,PROD012,1,59.99,59.99,"2025-08-21 12:00:00"
ITEM0315,ORD0253,PROD013,1,79.99,79.99,"2025-08-22 12:00:00"
ITEM0316,ORD0254,PROD014,1,14.99,14.99,"2025-08-23 12:00:00"
ITEM0317,ORD0255,PROD015,1,24.99,24.99,"2025-08-24 12:00:00"
ITEM0318,ORD0255,PROD022,1,19.99,19.99,"2025-08-24 12:00:00"
ITEM0319,ORD0256,PROD016,1,29.99,29.99,"2025-08-25 12:00:00"
ITEM0320,ORD0257,PROD017,1,59.99,59.99,"2025-08-26 12:00:00"
ITEM0321,ORD0258,PROD018,1,49.99,49.99,"2025-08-27 12:00:00"
ITEM0322,ORD0259,PROD019,1,89.99,89.99,"2025-08-28 12:00:00"
ITEM0323,ORD0260,PROD020,1,12.99,12.99,"2025-08-29 12:00:00"
ITEM0324,ORD0260,PROD027,1,19.99,19.99,"2025-08-29 12:00:00"
ITEM0325,ORD0260,PROD003,1,79.99,79.99,"2025-08-29 12:00:00"
ITEM0326,ORD0261,PROD021,1,14.99,14.99,"2025-08-30 12:00:00"
ITEM0327,ORD0262,PROD022,1,19.99,19.99,"2025-08-31 12:00:00"
ITEM0328,ORD0263,PROD023,1,24.99,24.99,"2025-08-01 12:00:00"
ITEM0329,ORD0264,PROD024,1,9.99,9.99,"2025-08-02 12:00:00"
ITEM0330,ORD0265,PROD025,1,29.99,29.99,"2025-08-03 12:00:00"
ITEM0331,ORD0265,PROD002,1,149.99,149.99,"2025-08-03 12:00:00"
ITEM0332,ORD0266,PROD026,1,49.99,49.99,"2025-08-04 12:00:00"
ITEM0333,ORD0267,PROD027,1,19.99,19.99,"2025-08-05 12:00:00"
ITEM0334,ORD0268,PROD028,1,34.99,34.99,"2025-08-06 12:00:00"
ITEM0335,ORD0269,PROD029,1,14.99,14.99,"2025-08-07 12:00:00"
ITEM0336,ORD0270,PROD030,1,59.99,59.99,"2025-08-08 12:00:00"
ITEM0337,ORD0270,PROD007,1,129.99,129.99,"2025-08-08 12:00:00"
ITEM0338,ORD0271,PROD001,1,99.99,99.99,"2025-08-09 12:00:00"
ITEM0339,ORD0272,PROD002,1,149.99,149.99,"2025-08-10 12:00:00"
ITEM0340,ORD0273,PROD003,1,79.99,79.99,"2025-08-11 12:00:00"
ITEM0341,ORD0274,PROD004,1,39.99,39.99,"2025-08-12 12:00:00"
ITEM0342,ORD0275,PROD005,1,29.99,29.99,"2025-08-13 12:00:00"
ITEM0343,ORD0275,PROD012,1,59.99,59.99,"2025-08-13 12:00:00"
ITEM0344,ORD0276,PROD006,1,89.99,89.99,"2025-08-14 12:00:00"
ITEM0345,ORD0277,PROD007,1,129.99,129.99,"2025-08-15 12:00:00"
ITEM0346,ORD0278,PROD008,1,24.99,24.99,"2025-08-16 12:00:00"
ITEM0347,ORD0279,PROD009,1,34.99,34.99,"2025-08-17 12:00:00"
ITEM0348,ORD0280,PROD010,1,49.99,49.99,"2025-08-18 12:00:00"
ITEM0349,ORD0280,PROD017,2,59.99,119.98,"2025-08-18 12:00:00"
ITEM0350,ORD0280,PROD023,1,24.99,24.99,"2025-08-18 12:00:00"
ITEM0351,ORD0281,PROD011,1,19.99,19.99,"2025-08-19 12:00:00"
ITEM0352,ORD0282,PROD012,1,59.99,59.99,"2025-08-20 12:00:00"
ITEM0353,ORD0283,PROD013,1,79.99,79.99,"2025-08-21 12:00:00"
ITEM0354,ORD0284,PROD014,1,14.99,14.99,"2025-08-22 12:00:00"
ITEM0355,ORD0285,PROD015,1,24.99,24.99,"2025-08-23 12:00:00"
ITEM0356,ORD0285,PROD022,1,19.99,19.99,"2025-08-23 12:00:00"
ITEM0357,ORD0286,PROD016,1,29.99,29.99,"2025-08-24 12:00:00"
ITEM0358,ORD0287,PROD017,1,59.99,59.99,"2025-08-25 12:00:00"
ITEM0359,ORD0288,PROD018,1,49.99,49.99,"2025-08-26 12:00:00"
ITEM0360,ORD0289,PROD019,1,89.99,89.99,"2025-08-27 12:00:00"
ITEM0361,ORD0290,PROD020,1,12.99,12.99,"2025-08-28 12:00:00"
ITEM0362,ORD0290,PROD027,1,19.99,19.99,"2025-08-28 12:00:00"
ITEM0363,ORD0291,PROD021,1,14.99,14.99,"2025-08-29 12:00:00"
ITEM0364,ORD0292,PROD022,1,19.99,19.99,"2025-08-30 12:00:00"
ITEM0365,ORD0293,PROD023,1,24.99,24.99,"2025-08-31 12:00:00"
ITEM0366,ORD0294,PROD024,1,9.99,9.99,"2025-08-01 12:00:00"
ITEM0367,ORD0295,PROD025,1,29.99,29.99,"2025-08-02 12:00:00"
ITEM0368,ORD0295,PROD002,1,149.99,149.99,"2025-08-02 12:00:00"
ITEM0369,ORD0296,PROD026,1,49.99,49.99,"2025-08-03 12:00:00"
ITEM0370,ORD0297,PROD027,1,19.99,19.99,"2025-08-04 12:00:00"
ITEM0371,ORD0298,PROD028,1,34.99,34.99,"2025-08-05 12:00:00"
ITEM0372,ORD0299,PROD029,1,14.99,14.99,"2025-08-06 12:00:00"
ITEM0373,ORD0300,PROD030,1,59.99,59.99,"2025-08-07 12:00:00"
ITEM0374,ORD0300,PROD007,1,129.99,129.99,"2025-08-07 12:00:00"
ITEM0375,ORD0300,PROD013,1,79.99,79.99,"2025-08-07 12:00:00"
ITEM0376,ORD0301,PROD001,1,99.99,99.99,"2025-10-01 12:00:00"
ITEM0377,ORD0302,PROD002,1,149.99,149.99,"2025-10-02 12:00:00"
ITEM0378,ORD0303,PROD003,1,79.99,79.99,"2025-10-03 12:00:00"
ITEM0379,ORD0304,PROD004,1,39.99,39.99,"2025-10-04 12:00:00"
ITEM0380,ORD0305,PROD005,1,29.99,29.99,"2025-10-05 12:00:00"
ITEM0381,ORD0305,PROD012,1,59.99,59.99,"2025-10-05 12:00:00"
ITEM0382,ORD0306,PROD006,1,89.99,89.99,"2025-10-06 12:00:00"
ITEM0383,ORD0307,PROD007,1,129.99,129.99,"2025-10-07 12:00:00"
ITEM0384,ORD0308,PROD008,1,24.99,24.99,"2025-10-08 12:00:00"
ITEM0385,ORD0309,PROD009,1,34.99,34.99,"2025-10-09 12:00:00"
ITEM0386,ORD0310,PROD010,1,49.99,49.99,"2025-10-10 12:00:00"
ITEM0387,ORD0310,PROD017,1,59.99,59.99,"2025-10-10 12:00:00"
ITEM0388,ORD0311,PROD011,1,19.99,19.99,"2025-10-11 12:00:00"
ITEM0389,ORD0312,PROD012,1,59.99,59.99,"2025-10-12 12:00:00"
ITEM0390,ORD0313,PROD013,1,79.99,79.99,"2025-10-13 12:00:00"
ITEM0391,ORD0314,PROD014,1,14.99,14.99,"2025-10-14 12:00:00"
ITEM0392,ORD0315,PROD015,1,24.99,24.99,"2025-10-15 12:00:00"
ITEM0393,ORD0315,PROD022,2,19.99,39.98,"2025-10-15 12:00:00"
ITEM0394,ORD0316,PROD016,1,29.99,29.99,"2025-10-16 12:00:00"
ITEM0395,ORD0317,PROD017,1,59.99,59.99,"2025-10-17 12:00:00"
ITEM0396,ORD0318,PROD018,1,49.99,49.99,"2025-10-18 12:00:00"
ITEM0397,ORD0319,PROD019,1,89.99,89.99,"2025-10-19 12:00:00"
ITEM0398,ORD0320,PROD020,1,12.99,12.99,"2025-10-20 12:00:00"
ITEM0399,ORD0320,PROD027,1,19.99,19.99,"2025-10-20 12:00:00"
ITEM0400,ORD0320,PROD003,1,79.99,79.99,"2025-10-20 12:00:00"
ITEM0401,ORD0321,PROD021,1,14.99,14.99,"2025-10-21 12:00:00"
ITEM0402,ORD0322,PROD022,1,19.99,19.99,"2025-10-22 12:00:00"
ITEM0403,ORD0323,PROD023,1,24.99,24.99,"2025-10-23 12:00:00"
ITEM0404,ORD0324,PROD024,1,9.99,9.99,"2025-10-24 12:00:00"
ITEM0405,ORD0325,PROD025,1,29.99,29.99,"2025-10-25 12:00:00"
ITEM0406,ORD0325,PROD002,1,149.99,149.99,"2025-10-25 12:00:00"
ITEM0407,ORD0326,PROD026,1,49.99,49.99,"2025-10-26 12:00:00"
ITEM0408,ORD0327,PROD027,1,19.99,19.99,"2025-10-27 12:00:00"
ITEM0409,ORD0328,PROD028,1,34.99,34.99,"2025-10-28 12:00:00"
ITEM0410,ORD0329,PROD029,1,14.99,14.99,"2025-10-29 12:00:00"
ITEM0411,ORD0330,PROD030,1,59.99,59.99,"2025-10-30 12:00:00"
ITEM0412,ORD0330,PROD007,1,129.99,129.99,"2025-10-30 12:00:00"
ITEM0413,ORD0331,PROD001,1,99.99,99.99,"2025-10-31 12:00:00"
ITEM0414,ORD0332,PROD002,1,149.99,149.99,"2025-10-01 12:00:00"
ITEM0415,ORD0333,PROD003,1,79.99,79.99,"2025-10-02 12:00:00"
ITEM0416,ORD0334,PROD004,1,39.99,39.99,"2025-10-03 12:00:00"
ITEM0417,ORD0335,PROD005,1,29.99,29.99,"2025-10-04 12:00:00"
ITEM0418,ORD0335,PROD012,1,59.99,59.99,"2025-10-04 12:00:00"
ITEM0419,ORD0336,PROD006,1,89.99,89.99,"2025-10-05 12:00:00"
ITEM0420,ORD0337,PROD007,1,129.99,129.99,"2025-10-06 12:00:00"
ITEM0421,ORD0338,PROD008,1,24.99,24.99,"2025-10-07 12:00:00"
ITEM0422,ORD0339,PROD009,1,34.99,34.99,"2025-10-08 12:00:00"
ITEM0423,ORD0340,PROD010,1,49.99,49.99,"2025-10-09 12:00:00"
ITEM0424,ORD0340,PROD017,1,59.99,59.99,"2025-10-09 12:00:00"
ITEM0425,ORD0340,PROD023,1,24.99,24.99,"2025-10-09 12:00:00"
ITEM0426,ORD0341,PROD011,1,19.99,19.99,"2025-10-10 12:00:00"
ITEM0427,ORD0342,PROD012,1,59.99,59.99,"2025-10-11 12:00:00"
ITEM0428,ORD0343,PROD013,1,79.99,79.99,"2025-10-12 12:00:00"
ITEM0429,ORD0344,PROD014,1,14.99,14.99,"2025-10-13 12:00:00"
ITEM0430,ORD0345,PROD015,1,24.99,24.99,"2025-10-14 12:00:00"
ITEM0431,ORD0345,PROD022,1,19.99,19.99,"2025-10-14 12:00:00"
ITEM0432,ORD0346,PROD016,1,29.99,29.99,"2025-10-15 12:00:00"
ITEM0433,ORD0347,PROD017,1,59.99,59.99,"2025-10-16 12:00:00"
ITEM0434,ORD0348,PROD018,1,49.99,49.99,"2025-10-17 12:00:00"
ITEM0435,ORD0349,PROD019,1,89.99,89.99,"2025-10-18 12:00:00"
ITEM0436,ORD0350,PROD020,1,12.99,12.99,"2025-10-19 12:00:00"
ITEM0437,ORD0350,PROD027,2,19.99,39.98,"2025-10-19 12:00:00"
ITEM0438,ORD0351,PROD021,1,14.99,14.99,"2025-10-20 12:00:00"
ITEM0439,ORD0352,PROD022,1,19.99,19.99,"2025-10-21 12:00:00"
ITEM0440,ORD0353,PROD023,1,24.99,24.99,"2025-10-22 12:00:00"
ITEM0441,ORD0354,PROD024,1,9.99,9.99,"2025-10-23 12:00:00"
ITEM0442,ORD0355,PROD025,1,29.99,29.99,"2025-10-24 12:00:00"
ITEM0443,ORD0355,PROD002,1,149.99,149.99,"2025-10-24 12:00:00"
ITEM0444,ORD0356,PROD026,1,49.99,49.99,"2025-10-25 12:00:00"
ITEM0445,ORD0357,PROD027,1,19.99,19.99,"2025-10-26 12:00:00"
ITEM0446,ORD0358,PROD028,1,34.99,34.99,"2025-10-27 12:00:00"
ITEM0447,ORD0359,PROD029,1,14.99,14.99,"2025-10-28 12:00:00"
ITEM0448,ORD0360,PROD030,1,59.99,59.99,"2025-10-29 12:00:00"
ITEM0449,ORD0360,PROD007,1,129.99,129.99,"2025-10-29 12:00:00"
ITEM0450,ORD0360,PROD013,1,79.99,79.99,"2025-10-29 12:00:00"
ITEM0451,ORD0361,PROD001,1,99.99,99.99,"2025-10-30 12:00:00"
ITEM0452,ORD0362,PROD002,1,149.99,149.99,"2025-10-31 12:00:00"
ITEM0453,ORD0363,PROD003,1,79.99,79.99,"2025-10-01 12:00:00"
ITEM0454,ORD0364,PROD004,1,39.99,39.99,"2025-10-02 12:00:00"
ITEM0455,ORD0365,PROD005,1,29.99,29.99,"2025-10-03 12:00:00"
ITEM0456,ORD0365,PROD012,1,59.99,59.99,"2025-10-03 12:00:00"
ITEM0457,ORD0366,PROD006,1,89.99,89.99,"2025-10-04 12:00:00"
ITEM0458,ORD0367,PROD007,1,129.99,129.99,"2025-10-05 12:00:00"
ITEM0459,ORD0368,PROD008,1,24.99,24.99,"2025-10-06 12:00:00"
ITEM0460,ORD0369,PROD009,1,34.99,34.99,"2025-10-07 12:00:00"
ITEM0461,ORD0370,PROD010,1,49.99,49.99,"2025-10-08 12:00:00"
ITEM0462,ORD0370,PROD017,1,59.99,59.99,"2025-10-08 12:00:00"
ITEM0463,ORD0371,PROD011,1,19.99,19.99,"2025-10-09 12:00:00"
ITEM0464,ORD0372,PROD012,1,59.99,59.99,"2025-10-10 12:00:00"
ITEM0465,ORD0373,PROD013,1,79.99,79.99,"2025-10-11 12:00:00"
ITEM0466,ORD0374,PROD014,1,14.99,14.99,"2025-10-12 12:00:00"
ITEM0467,ORD0375,PROD015,1,24.99,24.99,"2025-10-13 12:00:00"
ITEM0468,ORD0375,PROD022,1,19.99,19.99,"2025-10-13 12:00:00"
ITEM0469,ORD0376,PROD016,1,29.99,29.99,"2025-10-14 12:00:00"
ITEM0470,ORD0377,PROD017,1,59.99,59.99,"2025-10-15 12:00:00"
ITEM0471,ORD0378,PROD018,1,49.99,49.99,"2025-10-16 12:00:00"
ITEM0472,ORD0379,PROD019,1,89.99,89.99,"2025-10-17 12:00:00"
ITEM0473,ORD0380,PROD020,1,12.99,12.99,"2025-10-18 12:00:00"
ITEM0474,ORD0380,PROD027,1,19.99,19.99,"2025-10-18 12:00:00"
ITEM0475,ORD0380,PROD003,1,79.99,79.99,"2025-10-18 12:00:00"
ITEM0476,ORD0381,PROD021,1,14.99,14.99,"2025-10-19 12:00:00"
ITEM0477,ORD0382,PROD022,1,19.99,19.99,"2025-10-20 12:00:00"
ITEM0478,ORD0383,PROD023,1,24.99,24.99,"2025-10-21 12:00:00"
ITEM0479,ORD0384,PROD024,1,9.99,9.99,"2025-10-22 12:00:00"
ITEM0480,ORD0385,PROD025,1,29.99,29.99,"2025-10-23 12:00:00"
ITEM0481,ORD0385,PROD002,2,149.99,299.98,"2025-10-23 12:00:00"
ITEM0482,ORD0386,PROD026,1,49.99,49.99,"2025-10-24 12:00:00"
ITEM0483,ORD0387,PROD027,1,19.99,19.99,"2025-10-25 12:00:00"
ITEM0484,ORD0388,PROD028,1,34.99,34.99,"2025-10-26 12:00:00"
ITEM0485,ORD0389,PROD029,1,14.99,14.99,"2025-10-27 12:00:00"
ITEM0486,ORD0390,PROD030,1,59.99,59.99,"2025-10-28 12:00:00"
ITEM0487,ORD0390,PROD007,1,129.99,129.99,"2025-10-28 12:00:00"
ITEM0488,ORD0391,PROD001,1,99.99,99.99,"2025-10-29 12:00:00"
ITEM0489,ORD0392,PROD002,1,149.99,149.99,"2025-10-30 12:00:00"
ITEM0490,ORD0393,PROD003,1,79.99,79.99,"2025-10-31 12:00:00"
ITEM0491,ORD0394,PROD004,1,39.99,39.99,"2025-10-01 12:00:00"
ITEM0492,ORD0395,PROD005,1,29.99,29.99,"2025-10-02 12:00:00"
ITEM0493,ORD0395,PROD012,1,59.99,59.99,"2025-10-02 12:00:00"
ITEM0494,ORD0396,PROD006,1,89.99,89.99,"2025-10-03 12:00:00"
ITEM0495,ORD0397,PROD007,1,129.99,129.99,"2025-10-04 12:00:00"
ITEM0496,ORD0398,PROD008,1,24.99,24.99,"2025-10-05 12:00:00"
ITEM0497,ORD0399,PROD009,1,34.99,34.99,"2025-10-06 12:00:00"
ITEM0498,ORD0400,PROD010,1,49.99,49.99,"2025-10-07 12:00:00"
ITEM0499,ORD0400,PROD017,1,59.99,59.99,"2025-10-07 12:00:00"
ITEM0500,ORD0400,PROD023,1,24.99,24.99,"2025-10-07 12:00:00"
ITEM0501,ORD0401,PROD011,1,19.99,19.99,"2025-11-01 12:00:00"
ITEM0502,ORD0402,PROD012,1,59.99,59.99,"2025-11-02 12:00:00"
ITEM0503,ORD0403,PROD013,1,79.99,79.99,"2025-11-03 12:00:00"
ITEM0504,ORD0404,PROD014,1,14.99,14.99,"2025-11-04 12:00:00"
ITEM0505,ORD0405,PROD015,1,24.99,24.99,"2025-11-05 12:00:00"
ITEM0506,ORD0405,PROD022,1,19.99,19.99,"2025-11-05 12:00:00"
ITEM0507,ORD0406,PROD016,1,29.99,29.99,"2025-11-06 12:00:00"
ITEM0508,ORD0407,PROD017,1,59.99,59.99,"2025-11-07 12:00:00"
ITEM0509,ORD0408,PROD018,1,49.99,49.99,"2025-11-08 12:00:00"
ITEM0510,ORD0409,PROD019,1,89.99,89.99,"2025-11-09 12:00:00"
ITEM0511,ORD0410,PROD020,1,12.99,12.99,"2025-11-10 12:00:00"
ITEM0512,ORD0410,PROD027,1,19.99,19.99,"2025-11-10 12:00:00"
ITEM0513,ORD0411,PROD021,1,14.99,14.99,"2025-11-11 12:00:00"
ITEM0514,ORD0412,PROD022,1,19.99,19.99,"2025-11-12 12:00:00"
ITEM0515,ORD0413,PROD023,1,24.99,24.99,"2025-11-13 12:00:00"
ITEM0516,ORD0414,PROD024,1,9.99,9.99,"2025-11-14 12:00:00"
ITEM0517,ORD0415,PROD025,1,29.99,29.99,"2025-11-15 12:00:00"
ITEM0518,ORD0415,PROD002,1,149.99,149.99,"2025-11-15 12:00:00"
ITEM0519,ORD0416,PROD026,1,49.99,49.99,"2025-11-16 12:00:00"
ITEM0520,ORD0417,PROD027,1,19.99,19.99,"2025-11-17 12:00:00"
ITEM0521,ORD0418,PROD028,1,34.99,34.99,"2025-11-18 12:00:00"
ITEM0522,ORD0419,PROD029,1,14.99,14.99,"2025-11-19 12:00:00"
ITEM0523,ORD0420,PROD030,1,59.99,59.99,"2025-11-20 12:00:00"
ITEM0524,ORD0420,PROD007,2,129.99,259.98,"2025-11-20 12:00:00"
ITEM0525,ORD0420,PROD013,1,79.99,79.99,"2025-11-20 12:00:00"
ITEM0526,ORD0421,PROD001,1,99.99,99.99,"2025-11-21 12:00:00"
ITEM0527,ORD0422,PROD002,1,149.99,149.99,"2025-11-22 12:00:00"
ITEM0528,ORD0423,PROD003,1,79.99,79.99,"2025-11-23 12:00:00"
ITEM0529,ORD0424,PROD004,1,39.99,39.99,"2025-11-24 12:00:00"
ITEM0530,ORD0425,PROD005,1,29.99,29.99,"2025-11-25 12:00:00"
ITEM0531,ORD0425,PROD012,1,59.99,59.99,"2025-11-25 12:00:00"
ITEM0532,ORD0426,PROD006,1,89.99,89.99,"2025-11-26 12:00:00"
ITEM0533,ORD0427,PROD007,1,129.99,129.99,"2025-11-27 12:00:00"
ITEM0534,ORD0428,PROD008,1,24.99,24.99,"2025-11-28 12:00:00"
ITEM0535,ORD0429,PROD009,1,34.99,34.99,"2025-11-29 12:00:00"
ITEM0536,ORD0430,PROD010,1,49.99,49.99,"2025-11-30 12:00:00"
ITEM0537,ORD0430,PROD017,1,59.99,59.99,"2025-11-30 12:00:00"
ITEM0538,ORD0431,PROD011,1,19.99,19.99,"2025-11-01 12:00:00"
ITEM0539,ORD0432,PROD012,1,59.99,59.99,"2025-11-02 12:00:00"
ITEM0540,ORD0433,PROD013,1,79.99,79.99,"2025-11-03 12:00:00"
ITEM0541,ORD0434,PROD014,1,14.99,14.99,"2025-11-04 12:00:00"
ITEM0542,ORD0435,PROD015,1,24.99,24.99,"2025-11-05 12:00:00"
ITEM0543,ORD0435,PROD022,1,19.99,19.99,"2025-11-05 12:00:00"
ITEM0544,ORD0436,PROD016,1,29.99,29.99,"2025-11-06 12:00:00"
ITEM0545,ORD0437,PROD017,1,59.99,59.99,"2025-11-07 12:00:00"
ITEM0546,ORD0438,PROD018,1,49.99,49.99,"2025-11-08 12:00:00"
ITEM0547,ORD0439,PROD019,1,89.99,89.99,"2025-11-09 12:00:00"
ITEM0548,ORD0440,PROD020,1,12.99,12.99,"2025-11-10 12:00:00"
ITEM0549,ORD0440,PROD027,1,19.99,19.99,"2025-11-10 12:00:00"
ITEM0550,ORD0440,PROD003,1,79.99,79.99,"2025-11-10 12:00:00"
ITEM0551,ORD0441,PROD021,1,14.99,14.99,"2025-11-11 12:00:00"
ITEM0552,ORD0442,PROD022,1,19.99,19.99,"2025-11-12 12:00:00"
ITEM0553,ORD0443,PROD023,1,24.99,24.99,"2025-11-13 12:00:00"
ITEM0554,ORD0444,PROD024,1,9.99,9.99,"2025-11-14 12:00:00"
ITEM0555,ORD0445,PROD025,1,29.99,29.99,"2025-11-15 12:00:00"
ITEM0556,ORD0445,PROD002,1,149.99,149.99,"2025-11-15 12:00:00"
ITEM0557,ORD0446,PROD026,1,49.99,49.99,"2025-11-16 12:00:00"
ITEM0558,ORD0447,PROD027,1,19.99,19.99,"2025-11-17 12:00:00"
ITEM0559,ORD0448,PROD028,1,34.99,34.99,"2025-11-18 12:00:00"
ITEM0560,ORD0449,PROD029,1,14.99,14.99,"2025-11-19 12:00:00"
ITEM0561,ORD0450,PROD030,1,59.99,59.99,"2025-11-20 12:00:00"
ITEM0562,ORD0450,PROD007,1,129.99,129.99,"2025-11-20 12:00:00"
ITEM0563,ORD0451,PROD001,1,99.99,99.99,"2025-11-21 12:00:00"
ITEM0564,ORD0452,PROD002,1,149.99,149.99,"2025-11-22 12:00:00"
ITEM0565,ORD0453,PROD003,1,79.99,79.99,"2025-11-23 12:00:00"
ITEM0566,ORD0454,PROD004,1,39.99,39.99,"2025-11-24 12:00:00"
ITEM0567,ORD0455,PROD005,1,29.99,29.99,"2025-11-25 12:00:00"
ITEM0568,ORD0455,PROD012,2,59.99,119.98,"2025-11-25 12:00:00"
ITEM0569,ORD0456,PROD006,1,89.99,89.99,"2025-11-26 12:00:00"
ITEM0570,ORD0457,PROD007,1,129.99,129.99,"2025-11-27 12:00:00"
ITEM0571,ORD0458,PROD008,1,24.99,24.99,"2025-11-28 12:00:00"
ITEM0572,ORD0459,PROD009,1,34.99,34.99,"2025-11-29 12:00:00"
ITEM0573,ORD0460,PROD010,1,49.99,49.99,"2025-11-30 12:00:00"
ITEM0574,ORD0460,PROD017,1,59.99,59.99,"2025-11-30 12:00:00"
ITEM0575,ORD0460,PROD023,1,24.99,24.99,"2025-11-30 12:00:00"
ITEM0576,ORD0461,PROD011,1,19.99,19.99,"2025-11-01 12:00:00"
ITEM0577,ORD0462,PROD012,1,59.99,59.99,"2025-11-02 12:00:00"
ITEM0578,ORD0463,PROD013,1,79.99,79.99,"2025-11-03 12:00:00"
ITEM0579,ORD0464,PROD014,1,14.99,14.99,"2025-11-04 12:00:00"
ITEM0580,ORD0465,PROD015,1,24.99,24.99,"2025-11-05 12:00:00"
ITEM0581,ORD0465,PROD022,1,19.99,19.99,"2025-11-05 12:00:00"
ITEM0582,ORD0466,PROD016,1,29.99,29.99,"2025-11-06 12:00:00"
ITEM0583,ORD0467,PROD017,1,59.99,59.99,"2025-11-07 12:00:00"
ITEM0584,ORD0468,PROD018,1,49.99,49.99,"2025-11-08 12:00:00"
ITEM0585,ORD0469,PROD019,1,89.99,89.99,"2025-11-09 12:00:00"
ITEM0586,ORD0470,PROD020,1,12.99,12.99,"2025-11-10 12:00:00"
ITEM0587,ORD0470,PROD027,1,19.99,19.99,"2025-11-10 12:00:00"
ITEM0588,ORD0471,PROD021,1,14.99,14.99,"2025-11-11 12:00:00"
ITEM0589,ORD0472,PROD022,1,19.99,19.99,"2025-11-12 12:00:00"
ITEM0590,ORD0473,PROD023,1,24.99,24.99,"2025-11-13 12:00:00"
ITEM0591,ORD0474,PROD024,1,9.99,9.99,"2025-11-14 12:00:00"
ITEM0592,ORD0475,PROD025,1,29.99,29.99,"2025-11-15 12:00:00"
ITEM0593,ORD0475,PROD002,1,149.99,149.99,"2025-11-15 12:00:00"
ITEM0594,ORD0476,PROD026,1,49.99,49.99,"2025-11-16 12:00:00"
ITEM0595,ORD0477,PROD027,1,19.99,19.99,"2025-11-17 12:00:00"
ITEM0596,ORD0478,PROD028,1,34.99,34.99,"2025-11-18 12:00:00"
ITEM0597,ORD0479,PROD029,1,14.99,14.99,"2025-11-19 12:00:00"
ITEM0598,ORD0480,PROD030,1,59.99,59.99,"2025-11-20 12:00:00"
ITEM0599,ORD0480,PROD007,1,129.99,129.99,"2025-11-20 12:00:00"
ITEM0600,ORD0480,PROD013,1,79.99,79.99,"2025-11-20 12:00:00"
ITEM0601,ORD0481,PROD001,1,99.99,99.99,"2025-11-21 12:00:00"
ITEM0602,ORD0482,PROD002,1,149.99,149.99,"2025-11-22 12:00:00"
ITEM0603,ORD0483,PROD003,1,79.99,79.99,"2025-11-23 12:00:00"
ITEM0604,ORD0484,PROD004,1,39.99,39.99,"2025-11-24 12:00:00"
ITEM0605,ORD0485,PROD005,1,29.99,29.99,"2025-11-25 12:00:00"
ITEM0606,ORD0485,PROD012,1,59.99,59.99,"2025-11-25 12:00:00"
ITEM0607,ORD0486,PROD006,1,89.99,89.99,"2025-11-26 12:00:00"
ITEM0608,ORD0487,PROD007,1,129.99,129.99,"2025-11-27 12:00:00"
ITEM0609,ORD0488,PROD008,1,24.99,24.99,"2025-11-28 12:00:00"
ITEM0610,ORD0489,PROD009,1,34.99,34.99,"2025-11-29 12:00:00"
ITEM0611,ORD0490,PROD010,1,49.99,49.99,"2025-11-30 12:00:00"
ITEM0612,ORD0490,PROD017,2,59.99,119.98,"2025-11-30 12:00:00"
ITEM0613,ORD0491,PROD011,1,19.99,19.99,"2025-11-01 12:00:00"
ITEM0614,ORD0492,PROD012,1,59.99,59.99,"2025-11-02 12:00:00"
ITEM0615,ORD0493,PROD013,1,79.99,79.99,"2025-11-03 12:00:00"
ITEM0616,ORD0494,PROD014,1,14.99,14.99,"2025-11-04 12:00:00"
ITEM0617,ORD0495,PROD015,1,24.99,24.99,"2025-11-05 12:00:00"
ITEM0618,ORD0495,PROD022,1,19.99,19.99,"2025-11-05 12:00:00"
ITEM0619,ORD0496,PROD016,1,29.99,29.99,"2025-11-06 12:00:00"
ITEM0620,ORD0497,PROD017,1,59.99,59.99,"2025-11-07 12:00:00"
ITEM0621,ORD0498,PROD018,1,49.99,49.99,"2025-11-08 12:00:00"
ITEM0622,ORD0499,PROD019,1,89.99,89.99,"2025-11-09 12:00:00"
ITEM0623,ORD0500,PROD020,1,12.99,12.99,"2025-11-10 12:00:00"
ITEM0624,ORD0500,PROD027,1,19.99,19.99,"2025-11-10 12:00:00"
ITEM0625,ORD0500,PROD003,1,79.99,79.99,"2025-11-10 12:00:00"
